{"count":13,"results":[{"id":1,"name":"Nothing to see here","description":"Our intern swears this file is just a boring log export.\r\nIt opens fine, nothing crashes, nothing screams \u201cmalware.\u201d\r\nBut why does the file size feel\u2026 excessive?\r\n\r\n*Flag Format: H4P{flag}*","max_attempts":0,"value":30,"category":"Forensics","type":"standard","state":"visible","requirements":null,"connection_info":null,"next_id":null,"attribution":null,"logic":"any","initial":null,"minimum":null,"decay":null,"function":"static"},{"id":2,"name":"Deleted Means Gone, Right?","description":"This disk image looks clean.\r\nNo suspicious files.\r\nNo malware.\r\nNo secrets\u2026 unless you believe in ghosts.\r\n\r\n*Flag Format: H4P{flag}*","max_attempts":0,"value":30,"category":"Forensics","type":"standard","state":"visible","requirements":null,"connection_info":null,"next_id":null,"attribution":null,"logic":"any","initial":null,"minimum":null,"decay":null,"function":"static"},{"id":3,"name":"Picture Perfect","description":"A picture is worth a thousand words.\r\nThis one might be worth exactly one flag.\r\nOr maybe it\u2019s just a cat photo.\r\n\r\n*Flag Format: H4P{flag}*","max_attempts":0,"value":50,"category":"Steganography","type":"standard","state":"visible","requirements":null,"connection_info":null,"next_id":null,"attribution":null,"logic":"any","initial":null,"minimum":null,"decay":null,"function":"static"},{"id":4,"name":"Audio Check, One Two","description":"The audio sounds normal.\r\nNo glitches. No distortion.\r\nBut silence can be very loud if you listen closely.\r\n\r\n*Flag Format:H4P{flag}*","max_attempts":0,"value":50,"category":"Steganography","type":"standard","state":"visible","requirements":null,"connection_info":null,"next_id":null,"attribution":null,"logic":"any","initial":null,"minimum":null,"decay":null,"function":"static"},{"id":5,"name":"Secure Enough","description":"We used encryption.\r\nWe used a key.\r\nWe even used math.\r\nWhat could possibly go wrong?\r\n\r\n> **Ciphertext: 4f2a1e3f0a2a1e3c0d3f1e2a0c\r\n> \r\n> Key: happysafehappy**\r\n\r\n\r\n*Flag Format: H4P{flag}*","max_attempts":0,"value":100,"category":"Cryptography","type":"standard","state":"visible","requirements":null,"connection_info":null,"next_id":null,"attribution":null,"logic":"any","initial":null,"minimum":null,"decay":null,"function":"static"},{"id":6,"name":"Polite Conversation","description":"The traffic looks normal.\r\nNo exploits. No malware.\r\nJust a very polite client talking to a server.\r\nMaybe too polite.\r\n\r\n*Flag Format:H4P{flag}*","max_attempts":0,"value":150,"category":"Networking","type":"standard","state":"visible","requirements":null,"connection_info":null,"next_id":null,"attribution":null,"logic":"any","initial":null,"minimum":null,"decay":null,"function":"static"},{"id":7,"name":"Name Resolution","description":"DNS is harmless, right?\r\nJust names and numbers.\r\nBut sometimes names say more than they should.\r\n\r\n*Flag Format: H4P{flag}*","max_attempts":0,"value":150,"category":"Networking","type":"standard","state":"visible","requirements":null,"connection_info":null,"next_id":null,"attribution":null,"logic":"any","initial":null,"minimum":null,"decay":null,"function":"static"},{"id":8,"name":"Ping Me Maybe","description":"We built a helpful tool to ping websites for our users.\r\nIt only runs one command.\r\nWhat could go wrong?\r\n\r\n*Flag Format: H4P{flag}*","max_attempts":0,"value":200,"category":"Web Exploit","type":"standard","state":"visible","requirements":null,"connection_info":null,"next_id":null,"attribution":null,"logic":"any","initial":null,"minimum":null,"decay":null,"function":"static"},{"id":9,"name":"Part 1 - Who Sent This?","description":"The sender claims to be from the payroll division,\r\nbut claims are cheap.\r\nIdentities leave trails.\r\n\r\n*Flag Format:H4P{flag}*","max_attempts":0,"value":10,"category":"OSINT","type":"standard","state":"visible","requirements":null,"connection_info":null,"next_id":null,"attribution":null,"logic":"any","initial":null,"minimum":null,"decay":null,"function":"static"},{"id":10,"name":"Part 2 - Too Good to Be True","description":"The email contains a link that looks legitimate.\r\nBut appearances can be deceiving.\r\n\r\n*Flag Format:H4P{flag}*","max_attempts":0,"value":15,"category":"OSINT","type":"standard","state":"visible","requirements":null,"connection_info":null,"next_id":null,"attribution":null,"logic":"any","initial":null,"minimum":null,"decay":null,"function":"static"},{"id":11,"name":"Part 3 - Where Does it Live?","description":"Every IP has a home.\r\nSometimes that home tells you everything.\r\n\r\n*Flag Format: H4P{flag}*","max_attempts":0,"value":20,"category":"OSINT","type":"standard","state":"visible","requirements":null,"connection_info":null,"next_id":null,"attribution":null,"logic":"any","initial":null,"minimum":null,"decay":null,"function":"static"},{"id":12,"name":"Part 4 - Hidden in a Plain Sight","description":"Attachments aren\u2019t always what they seem.\r\nSometimes the message isn\u2019t in the document\u2026\r\nit\u2019s in how the document is delivered.\r\n\r\n*Flag Format: H4P{flag}*","max_attempts":0,"value":25,"category":"OSINT","type":"standard","state":"visible","requirements":null,"connection_info":null,"next_id":null,"attribution":null,"logic":"any","initial":null,"minimum":null,"decay":null,"function":"static"},{"id":13,"name":"Part 5 - The Bigger Picture","description":"One mistake is accidental.\r\nMultiple indicators are a pattern.\r\n\r\n*Flag Format: H4P{flag}*","max_attempts":0,"value":30,"category":"OSINT","type":"standard","state":"visible","requirements":null,"connection_info":null,"next_id":null,"attribution":null,"logic":"any","initial":null,"minimum":null,"decay":null,"function":"static"}],"meta":{}}