{"count":11,"results":[{"id":1,"type":"standard","location":"baa2459adaa02888fa033e51c61591fa/Hack_4_Perpz.png","challenge_id":null,"page_id":null,"sha1sum":"a6dad3bbf91fca8d6b6a46c6ae251ed27a1a8677","solution_id":null},{"id":2,"type":"standard","location":"2a6bb77d82b5ec4d802498b1b19bb63e/Hack_4_Perpz.png","challenge_id":null,"page_id":null,"sha1sum":"a6dad3bbf91fca8d6b6a46c6ae251ed27a1a8677","solution_id":null},{"id":3,"type":"standard","location":"8d3e3aef3701db31c62830f85b34e118/Hack_4_Perpz-2.png","challenge_id":null,"page_id":null,"sha1sum":"115281c9a13beacb8ce25523c73734f6a15f85dd","solution_id":null},{"id":4,"type":"challenge","location":"02cf1e313800750962b4417d2f556a01/server.log","challenge_id":1,"page_id":null,"sha1sum":"2ffa3f5f21255b9b99344f3381b00bf9386b80ae","solution_id":null},{"id":5,"type":"challenge","location":"4fe952ae86331dd543da3d5b6f0a1881/flash_dump.img","challenge_id":2,"page_id":null,"sha1sum":"5cf845f6bfbe30a6829922c4ec8a831600203aeb","solution_id":null},{"id":6,"type":"challenge","location":"f6dc5b9f8134fcd10b8e17dfc16df3dd/cat.png","challenge_id":3,"page_id":null,"sha1sum":"cd3dee34c6f3fe7aea2bd495103a78552a5b620d","solution_id":null},{"id":7,"type":"challenge","location":"384800c8ab4c0a416f8c46e198d2779f/recording.wav","challenge_id":4,"page_id":null,"sha1sum":"be974b650e2c5c74fb354b7d61318feb86b41382","solution_id":null},{"id":9,"type":"challenge","location":"10835b503611702685acf2d469a4d268/traffic_capture.txt","challenge_id":6,"page_id":null,"sha1sum":"0eb49cb187828ab863fb9a8e3546d7fb46b5e037","solution_id":null},{"id":10,"type":"challenge","location":"13a15653c0a9c0bc626c3394fc108633/dns_queries.log","challenge_id":7,"page_id":null,"sha1sum":"b52a0760be5ae074ad126f2a4916934a100649c9","solution_id":null},{"id":11,"type":"challenge","location":"b991fd9396e98fe0c04a56a9149087d6/web_challenge.zip","challenge_id":8,"page_id":null,"sha1sum":"fddb87d79437eb512a0767c0c42f96e54690ccb5","solution_id":null},{"id":12,"type":"challenge","location":"a35ef20eb81cd41749829c44874e629b/Payroll_Process_Successful.eml","challenge_id":9,"page_id":null,"sha1sum":"33474668adb61c8033f172fe2644f451e07f668e","solution_id":null}],"meta":{}}