{"count":13,"results":[{"id":1,"challenge_id":1,"type":"static","content":"H4P{logs_dont_lie}","data":""},{"id":2,"challenge_id":2,"type":"static","content":"H4P{data_never_truly_gone}","data":""},{"id":3,"challenge_id":3,"type":"static","content":"H4P{pixels_whisper_secrets}","data":""},{"id":4,"challenge_id":4,"type":"static","content":"H4P{hear_with_your_eyes}","data":""},{"id":5,"challenge_id":5,"type":"static","content":"H4P{xor_is_not_secure}","data":""},{"id":6,"challenge_id":6,"type":"static","content":"H4P{headers_talk}","data":""},{"id":7,"challenge_id":7,"type":"static","content":"H4P{dns_is_chatty}","data":""},{"id":8,"challenge_id":8,"type":"static","content":"H4P{cmd_injection_ftw}","data":""},{"id":9,"challenge_id":9,"type":"static","content":"H4P{d92031735@gmail.com}","data":""},{"id":10,"challenge_id":10,"type":"static","content":"H4P{47.130.45.56}","data":""},{"id":11,"challenge_id":11,"type":"static","content":"H4P{singapore}","data":""},{"id":12,"challenge_id":12,"type":"static","content":"H4P{G4H}","data":""},{"id":13,"challenge_id":13,"type":"static","content":"H4P{phishing}","data":""}],"meta":{}}